Label,# Samples,Average,Median,90% Line,95% Line,99% Line,Min,Max,Error %,Throughput,Received KB/sec,Sent KB/sec
AUTHENTICATE,497,1513,1509,1757,1855,2031,563,3021,0.604%,.77170,0.66,0.76
kbb_txinquiry,6863,1539,1772,2441,2781,3716,68,4943,0.233%,10.72929,20.98,11.59
TOTAL,7360,1538,1733,2411,2725,3695,68,4943,0.258%,11.42799,21.50,12.27
