Label,# Samples,Average,Min,Max,Std. Dev.,Error %,Throughput,Received KB/sec,Sent KB/sec,Avg. Bytes
AUTHENTICATE,692,1395,1121,1771,150.97,0.000%,.19126,0.16,0.19,854.7
kbb_cashposition_summary,7782,19154,146,425048,61712.46,13.094%,2.01989,4.06,2.07,2059.9
kbb_txinquiry,1926,3261,171,28132,6086.55,2.960%,.56615,1.09,0.61,1968.6
TOTAL,10400,15029,146,425048,53919.74,10.346%,2.69649,5.17,2.79,1962.8
