Label,# Samples,Average,Median,90% Line,95% Line,99% Line,Min,Max,Error %,Throughput,Received KB/sec,Sent KB/sec
AUTHENTICATE,345,1413,1415,1604,1636,1700,1124,1857,0.000%,.19354,0.16,0.19
kbb_cashposition_summary,3780,10275,295,2338,126335,143586,198,145143,0.000%,1.96555,4.22,2.02
kbb_txinquiry,917,1330,1528,1929,2179,2761,178,58165,0.000%,.53178,1.04,0.58
faq,2392,336,235,327,391,553,146,88428,0.000%,1.40571,3.66,1.48
TOTAL,7434,5562,281,1728,2699,142565,146,145143,0.000%,3.85256,8.51,4.00
