Label,# Samples,Average,Median,90% Line,95% Line,99% Line,Min,Max,Error %,Throughput,Received KB/sec,Sent KB/sec
AUTHENTICATE,134,1392,1383,1621,1636,1681,1126,1681,0.000%,.19720,0.16,0.19
kbb_txinquiry,1580,18231,5985,20689,120510,206082,169,266938,2.722%,2.33915,4.67,2.46
TOTAL,1714,16915,4217,20368,109956,204232,169,266938,2.509%,2.52137,4.80,2.64
