Label,# Samples,Average,Median,90% Line,95% Line,99% Line,Min,Max,Error %,Throughput,Received KB/sec,Sent KB/sec
AUTHENTICATE,714,1394,1401,1602,1624,1663,120,1872,0.140%,.19789,0.17,0.19
kbb_cashposition_summary,8082,18506,279,11765,215572,235747,138,261717,3.056%,2.13051,4.41,2.18
kbb_txinquiry,1993,2184,1495,2016,11226,22535,176,57260,2.659%,.55886,1.08,0.60
TOTAL,10789,14359,299,3019,202477,234701,120,261717,2.790%,2.84067,5.57,2.93
