Label,# Samples,Average,Median,90% Line,95% Line,99% Line,Min,Max,Error %,Throughput,Received KB/sec,Sent KB/sec
AUTHENTICATE,3763,23385,21001,21003,28535,131700,3,482732,73.798%,1.03691,2.35,0.32
kbb_cashposition_summary,42619,31734,21001,22312,34937,426253,3,1585155,90.277%,11.28863,28.06,2.44
kbb_txinquiry,9902,22469,21001,21678,30518,77931,4,132512,97.607%,2.94252,7.44,0.61
TOTAL,56284,29546,21001,22028,33279,304077,3,1585155,90.464%,14.88804,36.90,3.28
