Label,# Samples,Average,Min,Max,Std. Dev.,Error %,Throughput,Received KB/sec,Sent KB/sec,Avg. Bytes
AUTHENTICATE,714,1394,120,1872,157.13,0.140%,.19789,0.17,0.19,853.9
kbb_cashposition_summary,8082,18506,138,261717,58964.48,3.056%,2.13051,4.41,2.18,2120.9
kbb_txinquiry,1993,2184,176,57260,4433.21,2.659%,.55886,1.08,0.60,1971.8
TOTAL,10789,14359,120,261717,51570.23,2.790%,2.84067,5.57,2.93,2009.5
