Label,# Samples,Average,Min,Max,Std. Dev.,Error %,Throughput,Received KB/sec,Sent KB/sec,Avg. Bytes
AUTHENTICATE,3763,23385,3,482732,33116.59,73.798%,1.03691,2.35,0.32,2320.6
kbb_cashposition_summary,42619,31734,3,1585155,87682.11,90.277%,11.28863,28.06,2.44,2545.4
kbb_txinquiry,9902,22469,4,132512,11105.44,97.607%,2.94252,7.44,0.61,2588.1
TOTAL,56284,29546,3,1585155,77016.67,90.464%,14.88804,36.90,3.28,2537.9
