Label,# Samples,Average,Median,90% Line,95% Line,99% Line,Min,Max,Error %,Throughput,Received KB/sec,Sent KB/sec
AUTHENTICATE,692,1395,1396,1598,1622,1696,1121,1771,0.000%,.19126,0.16,0.19
kbb_cashposition_summary,7782,19154,282,20513,227346,239200,146,425048,13.094%,2.01989,4.06,2.07
kbb_txinquiry,1926,3261,1513,13632,20887,23000,171,28132,2.960%,.56615,1.09,0.61
TOTAL,10400,15029,316,11307,208989,237901,146,425048,10.346%,2.69649,5.17,2.79
