Label,# Samples,Average,Median,90% Line,95% Line,99% Line,Min,Max,Error %,Throughput,Received KB/sec,Sent KB/sec
AUTHENTICATE,604,1548,1487,1703,1795,2120,1141,21007,0.497%,.30602,0.26,0.30
kbb_cashposition_summary,7030,609,383,1570,1733,1959,202,2553,0.014%,3.60990,7.76,3.70
kbb_txinquiry,1706,1302,1611,2014,2158,2493,178,2810,0.000%,.98820,1.93,1.07
faq,4455,333,292,528,619,845,151,1328,0.000%,2.61228,6.81,2.74
TOTAL,13795,647,371,1659,1820,2118,151,21007,0.029%,6.98563,15.48,7.26
