Label,# Samples,Average,Median,90% Line,95% Line,99% Line,Min,Max,Error %,Throughput,Received KB/sec,Sent KB/sec
AUTHENTICATE,611,1402,1396,1604,1631,1676,1125,1750,0.000%,.16928,0.14,0.17
kbb_cashposition_summary,7282,807,267,1724,4860,5872,195,45460,0.055%,2.01583,4.31,2.06
kbb_txinquiry,1806,1152,1483,1790,1840,2089,174,2823,0.000%,.50684,0.99,0.55
TOTAL,9699,909,279,1748,4597,5685,174,45460,0.041%,2.68152,5.42,2.77
