Label,# Samples,Average,Median,90% Line,95% Line,99% Line,Min,Max,Error %,Throughput,Received KB/sec,Sent KB/sec
AUTHENTICATE,711,1396,1392,1599,1633,1741,1116,1945,0.000%,.19675,0.16,0.19
kbb_cashposition_summary,8035,18644,279,15547,215592,236670,143,260585,11.276%,2.09200,4.31,2.14
kbb_txinquiry,1984,2164,1488,2040,11830,24010,173,29411,3.175%,.55648,1.07,0.60
TOTAL,10730,14454,304,7496,212291,235098,143,260585,9.031%,2.79033,5.45,2.88
